Unnamed:0,Avg. Silhouette,Avg.Calinski-Harabasz,Avg. Davies-Bouldins,Topsis Score,Rank
c=3,0.6216,568.5478,0.5864,0.5106211532411327,1.0
c=4,0.5858,503.3273,0.6373,0.4065933328002233,3.0
c=5,0.5279,497.6031,0.7176,0.4893788467588672,2.0
